{
    "materials": [{
        "opacity": 1,
        "depthWrite": true,
        "transparent": false,
        "wireframe": false,
        "specularCoef": 50,
        "colorDiffuse": [0.347118,0,0.64],
        "blending": "NormalBlending",
        "DbgName": "Base",
        "depthTest": true,
        "colorEmissive": [0,0,0],
        "shading": "phong",
        "doubleSided": true,
        "visible": true,
        "DbgIndex": 0,
        "colorAmbient": [0.347118,0,0.64],
        "DbgColor": 15658734,
        "colorSpecular": [0.5,0.5,0.5],
        "vertexColors": false
    },{
        "opacity": 1,
        "depthWrite": true,
        "transparent": false,
        "wireframe": false,
        "specularCoef": 50,
        "colorDiffuse": [0,0,0],
        "blending": "NormalBlending",
        "DbgName": "Black",
        "depthTest": true,
        "colorEmissive": [0,0,0],
        "shading": "phong",
        "doubleSided": true,
        "visible": true,
        "DbgIndex": 1,
        "colorAmbient": [0,0,0],
        "DbgColor": 15597568,
        "colorSpecular": [0.5,0.5,0.5],
        "vertexColors": false
    }],
    "colors": [],
    "vertices": [-0.650832,0.271315,1,-1.24035,-0.000333,-1,-0.650832,0.315481,1,-1.24035,0.180615,-0.56063,-0.805783,-0.000334,-4.28412,-0.805783,0.180615,-4.28412,-3.11928,-0.942804,-2.32202,-3.11928,-0.761855,-1.88265,-0.650832,0.315481,1,-1.24035,0.180615,-0.56063,-3.11928,-0.761855,-1.88265,-0.507604,0.512063,1,-0.556329,0.98601,-1,-0.218978,0.452316,-3.75346,-1.24035,-0.000333,0.372761,-1.24035,0.180615,0.37276,-3.11928,-0.942804,-0.94926,-3.11928,-0.761855,-0.94926,-1.24035,0.180615,0.37276,-3.11928,-0.761855,-0.94926,-0.653542,0.98601,0.37276,-3.45742,-0.942803,-2.32202,-3.45742,-0.761854,-1.88265,-3.45742,-0.942803,-0.94926,-3.45742,-0.761854,-0.94926,-3.11928,-0.942804,-2.32202,-3.11928,-0.761855,-2.3219,-3.45742,-0.942803,-2.32202,-3.45742,-0.761854,-2.3219,-3.18272,-0.908858,-2.322,-3.18271,-0.795801,-2.32192,-3.39399,-0.908858,-2.322,-3.39399,-0.7958,-2.32192,-3.18272,-0.907922,-3.673,-3.18271,-0.794865,-3.67293,-3.39399,-0.907922,-3.673,-3.39399,-0.794865,-3.67293,-3.24247,-0.875948,-3.67298,-3.24247,-0.826839,-3.67295,-3.33424,-0.875948,-3.67298,-3.33424,-0.826839,-3.67295,-3.24247,-0.87576,-3.94588,-3.24247,-0.826651,-3.94585,-3.33424,-0.87576,-3.94588,-3.33424,-0.826651,-3.94585,-0.960107,0.565249,-0.770461,-0.525542,0.310371,-4.03069,-0.582431,0.409363,1,-0.960107,0.565249,0.37276,-0.845504,0.498033,-1.63024,-0.53894,0.845265,-1.72614,-1.12575,0.180615,-1.54258,-1.12575,-0.000333,-1.86608,0.650832,0.271315,1,1.24035,-0.000333,-1,-0,-0.000333,-1,0,0.271315,1,0.650832,0.315481,1,1.24035,0.180615,-0.56063,0,0.315481,1,0.805783,-0.000334,-4.28412,-0,-0.000334,-5.38371,0.805782,0.180615,-4.28412,-0,0.180615,-5.38371,3.11928,-0.942804,-2.32202,3.11928,-0.761855,-1.88265,0.650832,0.315481,1,1.24035,0.180615,-0.56063,3.11928,-0.761855,-1.88265,0.507604,0.512063,1,0.556329,0.98601,-1,-0,0.98601,-1,0,0.512063,1,0.218977,0.452316,-3.75346,-0,0.452315,-4.85305,1.24035,-0.000333,0.372761,0,-0.000333,0.372761,1.24035,0.180615,0.37276,3.11928,-0.942804,-0.94926,3.11928,-0.761855,-0.949261,1.24035,0.180615,0.37276,3.11928,-0.761855,-0.949261,0.653542,0.98601,0.37276,0,0.98601,0.372761,3.45742,-0.942803,-2.32202,3.45742,-0.761854,-1.88265,3.45742,-0.942803,-0.94926,3.45742,-0.761854,-0.949261,3.11928,-0.942804,-2.32202,3.11928,-0.761855,-2.3219,3.45742,-0.942803,-2.32202,3.45742,-0.761854,-2.3219,3.18271,-0.908858,-2.322,3.18271,-0.795801,-2.32192,3.39399,-0.908858,-2.322,3.39399,-0.7958,-2.32192,3.18271,-0.907922,-3.673,3.18271,-0.794865,-3.67293,3.39399,-0.907922,-3.673,3.39399,-0.794865,-3.67293,3.24247,-0.875948,-3.67298,3.24247,-0.826839,-3.67295,3.33424,-0.875948,-3.67298,3.33424,-0.826839,-3.67295,3.24247,-0.87576,-3.94588,3.24247,-0.826651,-3.94585,3.33424,-0.87576,-3.94588,3.33424,-0.826651,-3.94585,0,0.409363,1,0.960107,0.565249,-0.770461,0.525541,0.310371,-4.03069,0.582431,0.409363,1,-0,0.310371,-5.13028,0.960107,0.565249,0.37276,0.845504,0.498033,-1.63024,0.53894,0.845265,-1.72614,-0,0.948491,-1.70066,-0,-0.000334,-2.15606,1.12574,0.180615,-1.54258,1.12575,-0.000333,-1.86608],
    "faces": [35,14,1,55,76,0,0,1,2,3,35,48,47,11,20,0,4,5,6,7,35,16,14,18,19,0,8,0,9,10,35,47,108,72,11,0,5,11,12,6,35,4,5,63,61,0,13,14,15,16,35,2,0,56,59,0,17,18,19,11,35,117,52,4,61,0,2,20,13,16,35,52,51,5,4,0,20,21,14,13,35,16,17,24,23,0,8,22,23,24,35,3,1,6,7,0,25,1,26,27,35,18,9,10,19,0,9,28,29,10,35,0,2,15,14,0,18,17,30,0,35,15,3,9,18,0,30,25,28,9,35,3,7,10,9,0,25,27,29,28,35,20,83,71,12,0,7,31,32,33,35,50,116,74,13,1,34,35,36,37,35,112,46,13,74,1,38,39,37,36,35,49,45,12,50,0,40,41,33,34,35,0,14,76,56,0,18,0,3,19,35,45,48,20,12,0,41,4,7,33,35,1,14,16,6,0,1,0,8,26,35,7,17,19,10,0,27,22,10,29,35,2,15,18,8,0,17,30,9,11,35,11,72,83,20,0,6,12,31,7,35,23,24,22,21,0,24,23,42,43,35,6,16,23,21,0,26,8,24,43,35,22,7,26,28,0,42,27,44,45,35,17,7,22,24,0,22,27,42,23,35,28,26,30,32,0,45,44,46,47,35,7,6,25,26,0,27,26,48,44,35,21,22,28,27,0,43,42,45,49,35,6,21,27,25,0,26,43,49,48,35,32,30,34,36,0,47,46,50,51,35,26,25,29,30,0,44,48,52,46,35,27,28,32,31,0,49,45,47,53,35,25,27,31,29,0,48,49,53,52,35,36,34,38,40,0,51,50,54,47,35,29,31,35,33,0,52,53,55,56,35,30,29,33,34,0,46,52,56,50,35,31,32,36,35,0,53,47,51,55,35,40,38,42,44,0,47,54,50,51,35,34,33,37,38,0,50,56,52,54,35,35,36,40,39,0,55,51,47,53,35,33,35,39,37,0,56,55,53,52,35,42,41,43,44,0,50,57,55,51,35,39,40,44,43,0,53,47,51,55,35,37,39,43,41,0,52,53,55,57,35,38,37,41,42,0,54,52,57,50,35,15,2,47,48,0,30,17,5,4,35,2,59,108,47,0,17,11,11,5,35,63,5,46,112,0,15,14,39,38,35,51,3,45,49,0,21,25,41,40,35,3,15,48,45,0,25,30,4,41,35,46,49,50,13,1,39,40,34,37,35,1,3,51,52,0,1,25,21,20,35,5,51,49,46,0,14,21,40,39,35,55,1,52,117,0,2,1,20,2,35,12,71,116,50,0,33,32,35,34,35,75,76,55,54,0,58,3,2,59,35,113,82,69,111,0,60,61,62,63,35,78,81,80,75,0,64,65,66,58,35,111,69,72,108,0,63,62,12,11,35,60,61,63,62,0,67,16,15,68,35,57,59,56,53,0,69,11,19,70,35,117,61,60,119,0,2,16,67,71,35,119,60,62,118,0,71,67,68,72,35,78,86,87,79,0,64,73,74,22,35,58,65,64,54,0,75,76,77,59,35,80,81,68,67,0,66,65,78,79,35,53,75,77,57,0,70,58,80,69,35,77,80,67,58,0,80,66,79,75,35,58,67,68,65,0,75,79,78,76,35,82,70,71,83,0,61,81,32,31,35,115,73,74,116,1,82,83,36,35,35,112,74,73,110,1,38,36,83,84,35,114,115,70,109,0,85,82,81,86,35,53,56,76,75,0,70,19,3,58,35,109,70,82,113,0,86,81,61,60,35,54,64,78,75,0,59,77,64,58,35,65,68,81,79,0,76,78,65,22,35,57,66,80,77,0,69,11,66,80,35,69,82,83,72,0,62,61,31,12,35,86,84,85,87,0,73,87,88,74,35,64,84,86,78,0,77,87,73,64,35,85,91,89,65,0,88,89,90,76,35,79,87,85,65,0,22,74,88,76,35,91,95,93,89,0,89,46,91,90,35,65,89,88,64,0,76,90,49,77,35,84,90,91,85,0,87,48,89,88,35,64,88,90,84,0,77,49,48,87,35,95,99,97,93,0,46,92,51,91,35,89,93,92,88,0,90,91,53,49,35,90,94,95,91,0,48,52,46,89,35,88,92,94,90,0,49,53,52,48,35,99,103,101,97,0,92,54,47,51,35,92,96,98,94,0,53,55,93,52,35,93,97,96,92,0,91,51,55,53,35,94,98,99,95,0,52,93,92,46,35,103,107,105,101,0,54,50,51,47,35,97,101,100,96,0,51,47,53,55,35,98,102,103,99,0,93,52,54,92,35,96,100,102,98,0,55,53,52,93,35,105,107,106,104,0,51,50,93,94,35,102,106,107,103,0,52,93,50,54,35,100,104,106,102,0,53,94,93,52,35,101,105,104,100,0,47,51,94,53,35,77,113,111,57,0,80,60,63,69,35,57,111,108,59,0,69,63,11,11,35,63,112,110,62,0,15,38,84,68,35,118,114,109,58,0,72,85,86,75,35,58,109,113,77,0,75,86,60,80,35,110,73,115,114,1,84,83,82,85,35,54,119,118,58,0,59,71,72,75,35,62,110,114,118,0,68,84,85,72,35,55,117,119,54,0,2,2,71,59,35,70,115,116,71,0,81,82,35,32],